id,unit_price,quantity,date,branch_id,country_id,customertype_id,gender_id,payment_id,productline_id
1,74.69,7,05/01/2024,1,1,1,2,1,1
2,15.28,5,08/03/2024,3,3,2,2,2,2
3,46.33,7,03/03/2024,1,1,2,1,3,3
4,58.22,8,27/01/2024,1,1,1,1,1,1
5,86.31,7,08/02/2024,1,1,2,1,1,4
6,85.39,7,25/03/2024,3,3,2,1,1,2
7,68.84,6,25/02/2024,1,1,1,2,1,2
8,73.56,10,24/02/2024,3,3,2,2,1,3
9,36.26,2,10/01/2024,1,1,1,2,3,1
10,54.84,3,20/02/2024,2,2,1,2,3,5
11,14.48,4,06/02/2024,2,2,1,2,1,6
12,25.51,4,09/03/2024,2,2,1,1,2,2
13,46.95,5,12/02/2024,1,1,2,2,1,2
14,43.19,10,07/02/2024,1,1,2,1,1,5
15,71.38,10,29/03/2024,1,1,2,2,2,1
16,93.72,6,15/01/2024,2,2,1,2,2,4
17,68.93,7,11/03/2024,1,1,1,2,3,1
18,72.61,6,01/01/2024,1,1,2,1,3,4
19,54.67,3,21/01/2024,1,1,2,1,3,5
20,40.3,2,11/03/2024,2,2,2,2,1,3
21,86.04,5,25/02/2024,3,3,1,1,1,2
22,87.98,3,05/03/2024,2,2,2,1,1,1
23,33.2,2,15/03/2024,2,2,2,1,3,3
24,34.56,5,17/02/2024,1,1,2,1,1,2
25,88.63,3,02/03/2024,1,1,1,1,1,4
26,52.59,8,22/03/2024,1,1,1,2,3,3
27,33.52,1,08/02/2024,2,2,2,1,2,6
28,87.67,2,10/03/2024,1,1,2,2,3,6
29,88.36,5,25/01/2024,2,2,2,2,2,5
30,24.89,9,15/03/2024,1,1,2,1,2,1
31,94.13,5,25/02/2024,2,2,2,1,3,6
32,78.07,9,28/01/2024,2,2,1,1,2,4
33,83.78,8,10/01/2024,2,2,2,1,2,4
34,96.58,2,15/03/2024,1,1,2,1,3,1
35,99.42,4,06/02/2024,3,3,1,2,1,5
36,68.12,1,07/01/2024,3,3,1,2,1,4
37,62.62,5,10/03/2024,1,1,1,1,1,4
38,60.88,9,15/01/2024,1,1,2,2,1,2
39,54.92,8,23/03/2024,3,3,2,2,1,1
40,30.12,8,03/03/2024,2,2,1,1,2,3
41,86.72,1,17/01/2024,2,2,1,2,1,3
42,56.11,2,02/02/2024,3,3,1,1,2,3
43,69.12,6,08/02/2024,2,2,1,2,2,4
44,98.7,8,04/03/2024,3,3,1,2,2,5
45,15.37,2,16/03/2024,3,3,1,1,2,1
46,93.96,4,09/03/2024,2,2,1,2,2,2
47,56.69,9,27/02/2024,2,2,1,1,3,1
48,20.01,9,06/02/2024,2,2,1,2,1,5
49,18.93,6,10/02/2024,2,2,1,1,3,2
50,82.63,10,19/03/2024,3,3,1,2,1,6
51,91.4,7,03/02/2024,3,3,1,1,2,5
52,44.59,5,10/02/2024,1,1,1,2,2,5
53,17.87,4,22/03/2024,2,2,1,2,1,6
54,15.43,1,25/01/2024,3,3,1,1,3,6
55,16.16,2,07/03/2024,2,2,2,1,1,3
56,85.98,8,28/02/2024,3,3,2,2,2,2
57,44.34,2,27/03/2024,1,1,1,1,2,3
58,89.6,8,07/02/2024,1,1,2,1,1,1
59,72.35,10,20/01/2024,1,1,1,2,2,3
60,30.61,6,12/03/2024,3,3,2,1,2,2
61,24.74,3,15/02/2024,3,3,1,2,3,4
62,55.73,6,24/02/2024,3,3,2,1,1,3
63,55.07,9,03/02/2024,2,2,1,2,1,4
64,15.81,10,06/03/2024,1,1,1,1,3,4
65,75.74,4,14/02/2024,2,2,1,1,2,1
66,15.87,10,13/03/2024,1,1,1,1,2,1
67,33.47,2,10/02/2024,3,3,2,2,1,1
68,97.61,6,07/01/2024,2,2,1,2,1,6
69,78.77,10,24/01/2024,1,1,2,1,2,4
70,18.33,1,02/02/2024,1,1,1,2,2,1
71,89.48,10,06/01/2024,3,3,2,1,3,5
72,62.12,10,11/02/2024,3,3,2,1,2,6
73,48.52,3,05/03/2024,2,2,1,2,1,5
74,75.91,6,09/03/2024,3,3,2,2,2,2
75,74.67,9,22/01/2024,1,1,2,1,1,3
76,41.65,10,13/01/2024,3,3,2,2,3,2
77,49.04,9,09/01/2024,3,3,1,1,3,6
78,20.01,9,12/01/2024,1,1,1,2,3,6
79,78.31,10,05/03/2024,3,3,1,2,1,5
80,20.38,5,22/01/2024,3,3,2,2,2,1
81,99.19,6,21/01/2024,3,3,2,2,3,1
82,96.68,3,26/01/2024,2,2,2,2,1,5
83,19.25,8,23/01/2024,3,3,2,1,1,5
84,80.36,4,23/02/2024,3,3,1,2,3,5
85,48.91,5,09/03/2024,3,3,1,1,2,4
86,83.06,7,05/03/2024,3,3,2,2,1,4
87,76.52,5,25/03/2024,3,3,2,1,2,6
88,49.38,7,27/03/2024,1,1,1,1,3,5
89,42.47,1,02/01/2024,1,1,2,1,2,4
90,76.99,6,27/02/2024,2,2,2,2,2,1
91,47.38,4,23/01/2024,3,3,1,2,2,3
92,44.86,10,26/01/2024,3,3,2,2,1,4
93,21.98,7,10/01/2024,1,1,1,2,1,4
94,64.36,9,12/03/2024,2,2,1,1,3,1
95,89.75,1,06/02/2024,3,3,2,1,3,1
96,97.16,1,08/03/2024,1,1,2,1,1,2
97,87.87,10,29/03/2024,2,2,2,1,1,1
98,12.45,6,09/02/2024,3,3,2,2,2,2
99,52.75,3,23/03/2024,1,1,2,1,1,5
100,82.7,6,05/03/2024,2,2,2,1,2,3
101,48.71,1,26/03/2024,3,3,1,1,2,6
102,78.55,9,01/03/2024,3,3,2,1,2,6
103,23.07,9,01/02/2024,3,3,2,2,2,2
104,58.26,6,28/03/2024,1,1,2,1,2,5
105,30.35,7,19/03/2024,2,2,2,1,2,1
106,88.67,10,12/01/2024,1,1,1,1,1,2
107,27.38,6,05/01/2024,3,3,2,1,3,6
108,62.13,6,22/03/2024,1,1,2,1,2,4
109,33.98,9,24/03/2024,3,3,2,2,2,5
110,81.97,10,03/03/2024,3,3,1,1,2,2
111,16.49,2,05/02/2024,2,2,1,2,1,4
112,98.21,3,05/02/2024,3,3,1,2,3,1
113,72.84,7,15/02/2024,2,2,2,2,2,6
114,58.07,9,19/01/2024,1,1,1,1,1,3
115,80.79,9,01/02/2024,3,3,1,2,3,3
116,27.02,3,02/03/2024,3,3,2,2,3,6
117,21.94,5,05/03/2024,2,2,1,1,1,6
118,51.36,1,16/01/2024,2,2,1,1,1,6
119,10.96,10,02/02/2024,1,1,2,2,1,5
120,53.44,2,20/01/2024,2,2,2,1,1,3
121,99.56,8,14/02/2024,1,1,2,2,3,2
122,57.12,7,12/01/2024,3,3,1,1,3,4
123,99.96,9,09/03/2024,2,2,1,1,3,4
124,63.91,8,13/03/2024,3,3,1,1,3,3
125,56.47,8,09/03/2024,2,2,1,2,1,6
126,93.69,7,10/03/2024,1,1,2,2,3,3
127,32.25,5,27/01/2024,1,1,2,2,2,4
128,31.73,9,08/01/2024,3,3,2,2,3,6
129,68.54,8,08/01/2024,3,3,1,2,1,5
130,90.28,9,08/02/2024,2,2,2,2,1,4
131,39.62,7,25/01/2024,2,2,2,2,2,6
132,92.13,6,06/03/2024,1,1,1,2,2,4
133,34.84,4,10/02/2024,2,2,2,2,2,4
134,87.45,6,17/02/2024,2,2,1,1,3,2
135,81.3,6,08/03/2024,3,3,2,2,1,1
136,90.22,3,18/02/2024,3,3,2,1,2,6
137,26.31,5,18/01/2024,1,1,2,2,3,2
138,34.42,6,18/02/2024,1,1,1,2,2,3
139,51.91,10,16/02/2024,2,2,2,1,2,4
140,72.5,8,16/03/2024,1,1,2,1,1,4
141,89.8,10,23/01/2024,3,3,1,2,3,4
142,90.5,10,25/01/2024,3,3,1,1,2,1
143,68.6,10,05/02/2024,3,3,1,2,2,1
144,30.41,1,22/02/2024,3,3,1,2,3,5
145,77.95,6,21/01/2024,1,1,2,2,1,3
146,46.26,6,08/03/2024,3,3,2,2,3,1
147,30.14,10,10/02/2024,1,1,1,2,1,6
148,66.14,4,19/03/2024,3,3,2,1,3,1
149,71.86,8,06/03/2024,2,2,1,1,3,3
150,32.46,8,27/03/2024,1,1,2,1,3,1
151,91.54,4,23/03/2024,2,2,1,2,3,6
152,34.56,7,11/03/2024,3,3,1,1,3,4
153,83.24,9,29/01/2024,1,1,2,1,3,6
154,16.48,6,07/02/2024,3,3,2,2,1,5
155,80.97,8,28/01/2024,3,3,2,2,2,4
156,92.29,5,20/02/2024,1,1,1,1,3,5
157,72.17,1,04/01/2024,2,2,1,1,2,2
158,50.28,5,07/03/2024,2,2,2,1,1,3
159,97.22,9,30/03/2024,2,2,1,1,1,1
160,93.39,6,27/03/2024,2,2,2,1,1,4
161,43.18,8,19/01/2024,3,3,2,2,3,5
162,63.69,1,25/02/2024,1,1,2,1,2,4
163,45.79,7,13/03/2024,1,1,2,1,3,5
164,76.4,2,30/01/2024,3,3,2,1,1,4
165,39.9,10,20/02/2024,2,2,2,1,3,5
166,42.57,8,25/02/2024,2,2,1,1,1,1
167,95.58,10,16/01/2024,3,3,2,1,2,3
168,98.98,10,08/02/2024,1,1,2,1,3,6
169,51.28,6,19/01/2024,1,1,2,1,2,5
170,69.52,7,01/02/2024,1,1,1,1,3,4
171,70.01,5,03/01/2024,1,1,2,1,1,1
172,80.05,5,26/01/2024,2,2,1,1,3,5
173,20.85,8,03/03/2024,3,3,2,1,2,2
174,52.89,6,19/01/2024,2,2,1,1,3,2
175,19.79,8,18/01/2024,2,2,2,1,1,5
176,33.84,9,21/03/2024,1,1,1,1,1,3
177,22.17,8,03/03/2024,1,1,1,1,3,5
178,22.51,7,13/02/2024,3,3,2,2,3,6
179,73.88,6,23/03/2024,1,1,2,1,1,5
180,86.8,3,28/01/2024,3,3,1,1,1,1
181,64.26,7,09/02/2024,3,3,2,1,2,6
182,38.47,8,23/01/2024,3,3,1,1,2,5
183,15.5,10,23/03/2024,1,1,1,1,1,4
184,34.31,8,25/01/2024,3,3,2,1,1,1
185,12.34,7,04/03/2024,1,1,2,2,3,4
186,18.08,3,05/03/2024,2,2,1,1,1,5
187,94.49,8,03/03/2024,2,2,1,2,1,3
188,46.47,4,08/02/2024,2,2,1,1,2,3
189,74.07,1,10/02/2024,1,1,2,1,1,3
190,69.81,4,28/01/2024,3,3,2,2,3,3
191,77.04,3,11/02/2024,2,2,2,2,3,3
192,73.52,2,15/01/2024,2,2,2,2,1,6
193,87.8,9,16/03/2024,3,3,2,2,2,5
194,25.55,4,26/01/2024,2,2,2,1,1,3
195,32.71,5,19/03/2024,1,1,2,1,3,2
196,74.29,1,13/01/2024,3,3,1,2,2,6
197,43.7,2,26/03/2024,3,3,1,1,2,1
198,25.29,1,23/03/2024,1,1,2,2,1,3
199,41.5,4,12/03/2024,3,3,2,1,3,1
200,71.39,5,17/02/2024,3,3,1,2,3,5
201,19.15,6,29/01/2024,3,3,1,2,3,4
202,57.49,4,15/03/2024,2,2,1,2,2,2
203,61.41,7,14/01/2024,3,3,2,1,2,2
204,25.9,10,06/02/2024,2,2,1,1,1,1
205,17.77,5,15/02/2024,2,2,1,1,3,3
206,23.03,9,03/01/2024,1,1,2,2,1,1
207,66.65,9,04/01/2024,3,3,1,2,3,2
208,28.53,10,18/03/2024,3,3,1,2,1,3
209,30.37,3,28/03/2024,2,2,2,2,1,6
210,99.73,9,02/03/2024,2,2,2,2,3,2
211,26.23,9,25/01/2024,1,1,2,1,1,2
212,93.26,9,16/01/2024,3,3,2,2,2,5
213,92.36,5,20/03/2024,2,2,2,1,1,3
214,46.42,3,04/01/2024,2,2,2,1,3,4
215,29.61,7,11/03/2024,2,2,1,2,2,4
216,18.28,1,22/03/2024,1,1,2,1,3,3
217,24.77,5,24/03/2024,2,2,2,2,2,4
218,94.64,3,21/02/2024,1,1,1,2,2,2
219,94.87,8,12/02/2024,2,2,2,1,1,6
220,57.34,3,10/03/2024,2,2,2,2,3,5
221,45.35,6,31/01/2024,2,2,2,1,1,2
222,62.08,7,06/03/2024,2,2,2,1,1,5
223,11.81,5,17/02/2024,3,3,2,1,2,2
224,12.54,1,21/02/2024,3,3,1,2,2,6
225,43.25,2,20/03/2024,1,1,2,1,2,5
226,87.16,2,11/01/2024,3,3,1,2,3,4
227,69.37,9,26/01/2024,2,2,1,1,1,1
228,37.06,4,31/01/2024,3,3,1,1,1,2
229,90.7,6,26/02/2024,2,2,1,2,2,2
230,63.42,8,11/03/2024,1,1,2,2,1,3
231,81.37,2,26/01/2024,2,2,2,2,2,6
232,10.59,3,12/03/2024,2,2,1,2,3,2
233,84.09,9,11/02/2024,2,2,2,2,2,1
234,73.82,4,21/02/2024,2,2,1,1,2,6
235,51.94,10,09/03/2024,1,1,1,1,1,1
236,93.14,2,20/01/2024,1,1,2,2,1,4
237,17.41,5,28/01/2024,3,3,2,1,3,1
238,44.22,5,05/03/2024,3,3,1,2,3,6
239,13.22,5,02/03/2024,2,2,1,2,2,2
240,89.69,1,11/01/2024,1,1,2,1,1,6
241,24.94,9,11/01/2024,1,1,2,1,3,5
242,59.77,2,11/03/2024,1,1,2,1,3,1
243,93.2,2,28/02/2024,3,3,1,1,3,6
244,62.65,4,05/01/2024,1,1,1,1,2,3
245,93.87,8,02/02/2024,2,2,2,1,3,3
246,47.59,8,01/01/2024,1,1,1,1,2,3
247,81.4,3,09/02/2024,2,2,1,2,2,2
248,17.94,5,23/01/2024,1,1,1,1,1,6
249,77.72,4,07/01/2024,1,1,1,1,3,2
250,73.06,7,14/01/2024,2,2,2,1,3,5
251,46.55,9,02/02/2024,2,2,1,1,1,5
252,35.19,10,17/03/2024,3,3,1,1,3,6
253,14.39,2,02/03/2024,3,3,2,2,3,4
254,23.75,4,16/03/2024,1,1,2,1,2,3
255,58.9,8,06/01/2024,1,1,1,1,2,3
256,32.62,4,29/01/2024,2,2,1,1,2,6
257,66.35,1,31/01/2024,1,1,1,1,3,2
258,25.91,6,05/02/2024,1,1,1,1,1,3
259,32.25,4,13/02/2024,1,1,1,1,1,2
260,65.94,4,07/02/2024,3,3,1,1,3,2
261,75.06,9,19/03/2024,1,1,2,2,1,2
262,16.45,4,07/03/2024,3,3,2,2,1,6
263,38.3,4,13/03/2024,2,2,1,2,2,6
264,22.24,10,09/02/2024,1,1,1,2,2,4
265,54.45,1,26/02/2024,2,2,2,1,1,4
266,98.4,7,12/03/2024,1,1,1,2,3,4
267,35.47,4,14/03/2024,3,3,2,1,3,3
268,74.6,10,08/01/2024,2,2,1,2,2,5
269,70.74,4,05/01/2024,1,1,1,1,3,3
270,35.54,10,04/01/2024,1,1,1,2,1,3
271,67.43,5,06/03/2024,2,2,2,2,1,4
272,21.12,2,03/01/2024,3,3,1,2,2,1
273,21.54,9,07/01/2024,1,1,1,2,3,3
274,12.03,2,27/01/2024,1,1,2,2,2,3
275,99.71,6,26/02/2024,2,2,2,2,1,1
276,47.97,7,07/01/2024,2,2,2,1,2,6
277,21.82,10,07/01/2024,3,3,1,2,2,3
278,95.42,4,02/02/2024,3,3,2,2,1,6
279,70.99,10,20/03/2024,3,3,1,1,2,6
280,44.02,10,20/03/2024,1,1,1,1,3,4
281,69.96,8,15/02/2024,1,1,2,2,3,3
282,37,1,06/03/2024,3,3,2,1,3,3
283,15.34,1,06/01/2024,1,1,2,2,2,4
284,99.83,6,04/03/2024,1,1,1,1,1,1
285,47.67,4,12/03/2024,1,1,1,2,2,1
286,66.68,5,20/02/2024,2,2,2,1,2,1
287,74.86,1,24/03/2024,3,3,1,1,2,3
288,23.75,9,31/01/2024,3,3,2,2,2,4
289,48.51,7,25/01/2024,2,2,2,2,3,5
290,94.88,7,03/02/2024,1,1,1,2,2,3
291,40.3,10,24/01/2024,2,2,1,1,3,2
292,27.85,7,14/03/2024,3,3,2,1,1,2
293,62.48,1,18/02/2024,1,1,1,2,2,2
294,36.36,2,21/01/2024,1,1,1,2,2,5
295,18.11,10,13/03/2024,2,2,2,1,1,1
296,51.92,5,03/03/2024,3,3,1,2,2,2
297,28.84,4,29/03/2024,3,3,2,1,2,2
298,78.38,6,10/01/2024,1,1,1,1,1,3
299,60.01,4,25/01/2024,1,1,1,1,2,3
300,88.61,1,19/01/2024,3,3,1,2,2,3
301,99.82,2,02/01/2024,3,3,2,1,3,6
302,39.01,1,12/03/2024,2,2,1,1,3,1
303,48.61,1,25/02/2024,3,3,2,1,2,5
304,51.19,4,18/03/2024,1,1,2,2,3,2
305,14.96,8,23/02/2024,2,2,2,2,2,2
306,72.2,7,26/03/2024,1,1,1,1,1,2
307,40.23,7,30/03/2024,1,1,2,2,2,4
308,88.79,8,17/02/2024,1,1,1,2,2,3
309,26.48,3,21/03/2024,1,1,1,2,1,2
310,81.91,2,05/03/2024,1,1,2,2,2,6
311,79.93,6,31/01/2024,2,2,1,1,2,4
312,69.33,2,05/02/2024,3,3,1,1,1,6
313,14.23,5,01/02/2024,1,1,1,2,3,5
314,15.55,9,07/03/2024,1,1,1,2,2,1
315,78.13,10,10/02/2024,3,3,1,2,2,2
316,99.37,2,14/02/2024,3,3,1,1,2,5
317,21.08,3,09/02/2024,3,3,1,2,2,5
318,74.79,5,10/01/2024,3,3,1,1,2,2
319,29.67,7,11/03/2024,3,3,1,2,3,1
320,44.07,4,18/02/2024,3,3,1,1,1,1
321,22.93,9,26/02/2024,3,3,2,2,2,5
322,39.42,1,18/01/2024,3,3,2,2,2,1
323,15.26,6,15/02/2024,1,1,2,1,1,1
324,61.77,5,08/03/2024,1,1,2,2,2,6
325,21.52,6,17/01/2024,1,1,2,1,3,3
326,97.74,4,12/03/2024,2,2,2,1,1,4
327,99.78,5,09/03/2024,1,1,1,1,2,5
328,94.26,4,12/03/2024,3,3,1,1,2,5
329,51.13,4,25/01/2024,2,2,1,1,3,1
330,36.36,4,25/03/2024,1,1,1,1,2,2
331,22.02,9,07/02/2024,2,2,2,1,2,3
332,32.9,3,17/02/2024,1,1,2,1,3,5
333,77.02,5,03/02/2024,1,1,2,1,2,6
334,23.48,2,14/03/2024,1,1,1,1,3,5
335,14.7,5,24/03/2024,3,3,1,1,1,4
336,28.45,5,21/03/2024,1,1,1,2,3,2
337,76.4,9,19/03/2024,1,1,2,1,1,6
338,57.95,6,24/02/2024,2,2,2,2,2,4
339,47.65,3,28/03/2024,3,3,2,2,3,2
340,42.82,9,05/02/2024,2,2,1,2,3,5
341,48.09,3,10/02/2024,2,2,1,1,3,2
342,55.97,7,05/03/2024,2,2,1,2,1,1
343,76.9,7,15/02/2024,2,2,1,2,2,1
344,97.03,5,30/01/2024,3,3,2,2,1,5
345,44.65,3,14/02/2024,1,1,2,1,2,4
346,77.93,9,27/02/2024,1,1,2,2,1,6
347,71.95,1,04/02/2024,1,1,1,1,2,2
348,89.25,8,20/01/2024,3,3,1,2,2,3
349,26.02,7,28/03/2024,1,1,2,1,2,2
350,13.5,10,27/02/2024,2,2,2,2,3,1
351,99.3,10,15/02/2024,3,3,1,2,3,6
352,51.69,7,26/01/2024,1,1,2,1,2,2
353,54.73,7,14/03/2024,2,2,1,2,3,6
354,27,9,02/03/2024,2,2,1,1,2,3
355,30.24,1,04/03/2024,3,3,2,2,2,2
356,89.14,4,07/01/2024,2,2,1,2,3,5
357,37.55,10,08/03/2024,3,3,2,2,3,6
358,95.44,10,09/01/2024,3,3,2,2,2,4
359,27.5,3,01/03/2024,2,2,2,1,1,2
360,74.97,1,16/03/2024,2,2,2,1,2,4
361,80.96,8,17/02/2024,1,1,1,1,3,5
362,94.47,8,27/02/2024,3,3,2,2,2,5
363,99.79,2,07/03/2024,3,3,2,1,1,5
364,73.22,6,21/01/2024,1,1,2,1,2,3
365,41.24,4,19/02/2024,3,3,2,2,2,5
366,81.68,4,06/01/2024,3,3,2,2,2,6
367,51.32,9,14/03/2024,3,3,2,2,2,2
368,65.94,4,24/03/2024,1,1,1,1,2,3
369,14.36,10,27/01/2024,3,3,2,2,2,4
370,21.5,9,06/03/2024,1,1,1,1,3,2
371,26.26,7,02/02/2024,2,2,1,2,2,2
372,60.96,2,25/01/2024,2,2,2,2,3,6
373,70.11,6,14/03/2024,3,3,2,2,1,3
374,42.08,6,29/01/2024,3,3,2,1,2,6
375,67.09,5,03/01/2024,1,1,2,2,3,3
376,96.7,5,14/01/2024,1,1,1,2,1,6
377,35.38,9,05/01/2024,2,2,1,2,3,3
378,95.49,7,22/02/2024,3,3,2,1,1,4
379,96.98,4,06/02/2024,3,3,1,1,1,6
380,23.65,4,30/01/2024,2,2,2,2,3,2
381,82.33,4,11/01/2024,1,1,1,1,3,4
382,26.61,2,19/03/2024,3,3,2,2,2,2
383,99.69,5,14/01/2024,2,2,2,2,2,5
384,74.89,4,01/03/2024,3,3,1,2,1,5
385,40.94,5,06/01/2024,1,1,2,2,1,5
386,75.82,1,31/01/2024,2,2,1,1,2,4
387,46.77,6,11/03/2024,3,3,2,1,2,5
388,32.32,10,20/02/2024,1,1,2,2,3,1
389,54.07,9,27/01/2024,3,3,1,2,1,6
390,18.22,7,10/03/2024,2,2,2,1,3,5
391,80.48,3,15/02/2024,3,3,1,2,2,6
392,37.95,10,26/01/2024,2,2,2,2,2,6
393,76.82,1,13/02/2024,1,1,1,1,1,2
394,52.26,10,09/03/2024,1,1,1,2,3,4
395,79.74,1,06/03/2024,1,1,2,2,1,1
396,77.5,5,24/01/2024,1,1,2,2,1,1
397,54.27,5,13/03/2024,1,1,2,2,1,5
398,13.59,9,15/03/2024,2,2,2,1,2,3
399,41.06,6,05/03/2024,2,2,1,2,3,1
400,19.24,9,04/03/2024,2,2,1,1,2,2
401,39.43,6,25/03/2024,3,3,2,2,3,5
402,46.22,4,12/03/2024,3,3,2,1,3,3
403,13.98,1,04/02/2024,3,3,1,1,1,3
404,39.75,5,22/02/2024,2,2,2,2,1,6
405,97.79,7,16/02/2024,3,3,1,2,1,6
406,67.26,4,19/01/2024,1,1,1,1,3,4
407,13.79,5,11/01/2024,1,1,2,1,3,5
408,68.71,4,04/01/2024,2,2,1,2,2,6
409,56.53,4,04/03/2024,1,1,2,2,1,3
410,23.82,5,28/01/2024,3,3,2,2,1,6
411,34.21,10,02/01/2024,2,2,2,2,2,1
412,21.87,2,25/01/2024,2,2,2,1,1,4
413,20.97,5,04/01/2024,1,1,1,1,2,1
414,25.84,3,10/03/2024,1,1,2,1,1,4
415,50.93,8,22/03/2024,1,1,2,1,1,3
416,96.11,1,25/01/2024,2,2,2,1,1,1
417,45.38,4,08/01/2024,3,3,2,2,3,3
418,81.51,1,22/01/2024,3,3,1,2,1,1
419,57.22,2,12/01/2024,2,2,2,2,1,1
420,25.22,7,04/02/2024,1,1,1,2,2,2
421,38.6,3,28/03/2024,3,3,1,2,1,5
422,84.05,3,23/01/2024,3,3,2,2,2,2
423,97.21,10,08/02/2024,3,3,1,2,3,6
424,25.42,8,19/03/2024,2,2,1,1,3,6
425,16.28,1,09/03/2024,3,3,2,1,2,6
426,40.61,9,02/01/2024,2,2,1,1,2,6
427,53.17,7,21/01/2024,1,1,1,1,2,1
428,20.87,3,20/03/2024,2,2,1,2,3,5
429,67.27,5,27/02/2024,2,2,2,1,2,4
430,90.65,10,08/03/2024,1,1,1,2,1,3
431,69.08,2,31/01/2024,2,2,2,1,3,6
432,43.27,2,08/03/2024,3,3,2,1,1,5
433,23.46,6,13/01/2024,1,1,2,2,1,2
434,95.54,7,09/03/2024,2,2,2,1,3,6
435,47.44,1,22/02/2024,2,2,2,2,3,6
436,99.24,9,19/03/2024,3,3,2,1,1,4
437,82.93,4,20/01/2024,3,3,1,1,1,4
438,33.99,6,08/03/2024,1,1,2,1,3,3
439,17.04,4,08/03/2024,3,3,1,1,1,5
440,40.86,8,07/02/2024,3,3,2,2,3,2
441,17.44,5,15/01/2024,3,3,1,1,2,5
442,88.43,8,22/03/2024,2,2,1,2,3,4
443,89.21,9,15/01/2024,1,1,1,2,3,3
444,12.78,1,08/01/2024,3,3,2,1,1,6
445,19.1,7,15/01/2024,1,1,2,2,2,4
446,19.15,1,28/01/2024,2,2,1,2,3,1
447,27.66,10,14/02/2024,3,3,1,1,3,5
448,45.74,3,10/03/2024,3,3,2,1,3,6
449,27.07,1,12/01/2024,2,2,1,2,3,1
450,39.12,1,26/03/2024,2,2,1,2,3,4
451,74.71,6,01/01/2024,2,2,2,2,2,2
452,22.01,6,02/01/2024,2,2,2,1,2,2
453,63.61,5,16/03/2024,1,1,2,2,1,5
454,25,1,03/03/2024,1,1,2,1,1,1
455,20.77,4,31/01/2024,1,1,1,1,2,2
456,29.56,5,13/02/2024,2,2,1,2,2,6
457,77.4,9,15/02/2024,2,2,1,2,3,5
458,79.39,10,07/02/2024,2,2,2,1,2,2
459,46.57,10,27/01/2024,3,3,1,2,2,2
460,35.89,1,23/02/2024,3,3,2,1,3,5
461,40.52,5,03/02/2024,3,3,2,1,2,5
462,73.05,10,03/03/2024,2,2,1,2,3,5
463,73.95,4,03/02/2024,3,3,2,2,2,4
464,22.62,1,17/03/2024,3,3,1,2,2,5
465,51.34,5,28/03/2024,1,1,1,1,3,5
466,54.55,10,02/03/2024,3,3,1,2,3,4
467,37.15,7,08/02/2024,3,3,1,2,3,1
468,37.02,6,22/03/2024,2,2,2,1,2,4
469,21.58,1,09/02/2024,3,3,2,1,1,5
470,98.84,1,15/02/2024,3,3,1,2,2,2
471,83.77,6,23/01/2024,3,3,1,2,1,3
472,40.05,4,25/01/2024,1,1,1,2,2,4
473,43.13,10,02/02/2024,1,1,1,1,3,6
474,72.57,8,30/03/2024,2,2,1,1,2,1
475,64.44,5,30/03/2024,1,1,1,2,2,2
476,65.18,3,25/02/2024,1,1,2,1,3,1
477,33.26,5,18/03/2024,1,1,2,2,3,4
478,84.07,4,07/03/2024,3,3,2,1,1,2
479,34.37,10,16/03/2024,2,2,2,1,1,4
480,38.6,1,29/01/2024,1,1,2,1,1,2
481,65.97,8,02/02/2024,3,3,2,1,2,5
482,32.8,10,15/02/2024,3,3,2,2,2,2
483,37.14,5,08/01/2024,1,1,2,1,1,4
484,60.38,10,12/02/2024,2,2,1,1,2,3
485,36.98,10,01/01/2024,3,3,1,2,3,4
486,49.49,4,21/03/2024,2,2,1,2,1,4
487,41.09,10,28/02/2024,2,2,2,2,2,6
488,37.15,4,23/03/2024,1,1,2,1,1,6
489,22.96,1,30/01/2024,3,3,2,1,2,3
490,77.68,9,04/02/2024,2,2,1,2,1,3
491,34.7,2,13/03/2024,2,2,2,2,1,6
492,19.66,10,15/03/2024,1,1,1,2,3,6
493,25.32,8,05/03/2024,2,2,1,2,1,1
494,12.12,10,05/03/2024,3,3,1,2,3,3
495,99.89,2,26/02/2024,2,2,2,1,1,6
496,75.92,8,20/03/2024,2,2,2,1,2,4
497,63.22,2,01/01/2024,3,3,2,2,2,2
498,90.24,6,27/01/2024,3,3,2,2,2,5
499,98.13,1,21/01/2024,2,2,1,2,2,4
500,51.52,8,02/02/2024,1,1,1,2,2,4
501,73.97,1,03/02/2024,2,2,1,1,3,4
502,31.9,1,05/01/2024,3,3,1,2,1,6
503,69.4,2,27/01/2024,3,3,2,1,1,3
504,93.31,2,25/03/2024,2,2,2,2,2,4
505,88.45,1,25/02/2024,2,2,2,1,3,4
506,24.18,8,28/01/2024,1,1,1,1,1,2
507,48.5,3,08/01/2024,2,2,1,2,2,4
508,84.05,6,29/01/2024,2,2,2,2,3,5
509,61.29,5,29/03/2024,2,2,1,1,2,1
510,15.95,6,09/02/2024,3,3,1,2,3,3
511,90.74,7,16/01/2024,2,2,1,2,3,4
512,42.91,5,05/01/2024,1,1,2,2,1,3
513,54.28,7,27/01/2024,1,1,2,2,1,6
514,99.55,7,14/03/2024,1,1,2,1,2,2
515,58.39,7,23/02/2024,3,3,1,1,3,4
516,51.47,1,18/03/2024,3,3,1,2,1,6
517,54.86,5,29/03/2024,2,2,1,1,1,1
518,39.39,5,22/01/2024,3,3,1,1,3,3
519,34.73,2,01/03/2024,1,1,2,1,1,3
520,71.92,5,17/01/2024,3,3,1,1,3,4
521,45.71,3,26/03/2024,2,2,2,2,3,2
522,83.17,6,20/03/2024,3,3,1,2,2,3
523,37.44,6,06/02/2024,1,1,1,2,3,3
524,62.87,2,01/01/2024,3,3,2,1,2,1
525,81.71,6,27/01/2024,1,1,2,1,3,5
526,91.41,5,25/02/2024,1,1,1,2,1,4
527,39.21,4,16/01/2024,2,2,2,1,3,6
528,59.86,2,13/01/2024,2,2,1,1,1,6
529,54.36,10,07/02/2024,2,2,1,2,3,5
530,98.09,9,17/02/2024,1,1,2,1,2,4
531,25.43,6,12/02/2024,1,1,2,1,1,1
532,86.68,8,24/01/2024,1,1,1,1,3,6
533,22.95,10,06/02/2024,2,2,2,1,1,2
534,16.31,9,26/03/2024,3,3,2,2,1,5
535,28.32,5,11/03/2024,1,1,2,2,1,3
536,16.67,7,07/02/2024,3,3,2,1,1,3
537,73.96,1,05/01/2024,2,2,1,2,3,6
538,97.94,1,07/03/2024,1,1,2,1,1,3
539,73.05,4,25/02/2024,1,1,2,2,3,6
540,87.48,6,01/02/2024,3,3,1,2,1,5
541,30.68,3,22/01/2024,1,1,2,1,1,3
542,75.88,1,03/01/2024,3,3,1,1,3,1
543,20.18,4,13/02/2024,2,2,1,2,3,4
544,18.77,6,28/01/2024,3,3,1,1,3,2
545,71.2,1,05/01/2024,2,2,2,2,3,5
546,38.81,4,19/03/2024,2,2,1,1,1,3
547,29.42,10,12/01/2024,1,1,2,2,1,6
548,60.95,9,07/01/2024,1,1,2,1,3,4
549,51.54,5,26/01/2024,2,2,2,2,2,4
550,66.06,6,23/01/2024,1,1,2,2,2,2
551,57.27,3,09/02/2024,2,2,2,1,1,6
552,54.31,9,22/02/2024,2,2,2,2,2,6
553,58.24,9,05/02/2024,2,2,2,2,2,1
554,22.21,6,07/03/2024,3,3,2,1,3,2
555,19.32,7,25/03/2024,1,1,1,1,2,2
556,37.48,3,20/01/2024,2,2,2,1,3,3
557,72.04,2,04/02/2024,2,2,1,2,2,6
558,98.52,10,30/01/2024,3,3,1,2,1,5
559,41.66,6,02/01/2024,1,1,1,1,1,5
560,72.42,3,29/03/2024,1,1,1,2,1,3
561,21.58,9,14/03/2024,2,2,2,1,2,2
562,89.2,10,11/02/2024,3,3,2,1,3,5
563,42.42,8,30/01/2024,2,2,2,2,1,2
564,74.51,6,20/03/2024,1,1,1,1,1,2
565,99.25,2,20/03/2024,2,2,2,1,2,6
566,81.21,10,17/01/2024,1,1,2,2,3,5
567,49.33,10,03/02/2024,3,3,2,2,3,4
568,65.74,9,01/01/2024,1,1,2,2,2,6
569,79.86,7,10/01/2024,2,2,2,2,3,6
570,73.98,7,02/03/2024,3,3,2,2,1,4
571,82.04,5,25/02/2024,2,2,1,2,3,3
572,26.67,10,29/01/2024,2,2,1,1,2,4
573,10.13,7,10/03/2024,1,1,1,1,1,5
574,72.39,2,13/01/2024,2,2,2,1,3,5
575,85.91,5,22/03/2024,1,1,2,1,3,4
576,81.31,7,01/03/2024,2,2,1,1,1,6
577,60.3,4,20/02/2024,2,2,2,1,2,5
578,31.77,4,14/01/2024,3,3,2,1,1,5
579,64.27,4,26/03/2024,1,1,2,2,2,1
580,69.51,2,01/03/2024,2,2,2,1,1,1
581,27.22,3,07/01/2024,3,3,2,1,2,5
582,77.68,4,01/02/2024,1,1,1,2,2,1
583,92.98,2,13/02/2024,3,3,1,2,3,6
584,18.08,4,14/01/2024,2,2,1,2,3,6
585,63.06,3,19/01/2024,2,2,2,1,1,4
586,51.71,4,09/03/2024,1,1,2,1,3,1
587,52.34,3,27/03/2024,1,1,2,2,2,5
588,43.06,5,04/02/2024,1,1,2,2,1,4
589,59.61,10,14/03/2024,3,3,2,1,2,6
590,14.62,5,04/03/2024,1,1,2,1,2,1
591,46.53,6,03/03/2024,3,3,1,1,3,1
592,24.24,7,27/01/2024,3,3,1,2,1,3
593,45.58,1,07/02/2024,1,1,1,2,2,4
594,75.2,3,05/02/2024,1,1,1,2,1,4
595,96.8,3,15/03/2024,2,2,1,1,2,4
596,14.82,3,01/03/2024,2,2,2,1,3,1
597,52.2,3,15/02/2024,1,1,2,1,3,5
598,46.66,9,17/02/2024,3,3,2,2,1,4
599,36.85,5,26/01/2024,3,3,2,2,2,6
600,70.32,2,24/03/2024,1,1,1,2,1,3
601,83.08,1,23/01/2024,3,3,2,1,1,2
602,64.99,1,26/01/2024,3,3,2,2,3,6
603,77.56,10,14/03/2024,3,3,2,1,1,5
604,54.51,6,17/03/2024,2,2,2,2,1,4
605,51.89,7,08/01/2024,3,3,1,2,2,6
606,31.75,4,08/02/2024,2,2,2,1,2,3
607,53.65,7,10/02/2024,1,1,1,2,1,6
608,49.79,4,28/03/2024,3,3,1,2,3,5
609,30.61,1,23/01/2024,1,1,2,1,1,6
610,57.89,2,17/01/2024,2,2,1,1,1,5
611,28.96,1,07/02/2024,1,1,2,2,3,2
612,98.97,9,09/03/2024,3,3,1,2,2,5
613,93.22,3,24/01/2024,2,2,1,1,2,6
614,80.93,1,19/01/2024,3,3,1,1,3,4
615,67.45,10,03/02/2024,1,1,1,1,1,5
616,38.72,9,20/03/2024,1,1,1,2,1,4
617,72.6,6,13/01/2024,2,2,1,1,2,4
618,87.91,5,14/03/2024,3,3,1,1,1,2
619,98.53,6,23/01/2024,1,1,1,1,3,5
620,43.46,6,07/02/2024,3,3,1,2,1,6
621,71.68,3,28/03/2024,1,1,2,2,3,5
622,91.61,1,20/03/2024,1,1,1,2,2,5
623,94.59,7,17/01/2024,2,2,1,2,3,3
624,83.25,10,12/01/2024,2,2,2,2,3,6
625,91.35,1,16/02/2024,2,2,1,1,2,6
626,78.88,2,26/01/2024,2,2,1,2,2,5
627,60.87,2,09/03/2024,1,1,2,1,1,4
628,82.58,10,14/03/2024,2,2,1,1,2,1
629,53.3,3,25/01/2024,1,1,1,1,1,3
630,12.09,1,26/01/2024,1,1,2,2,3,6
631,64.19,10,19/01/2024,1,1,2,1,3,4
632,78.31,3,05/03/2024,1,1,2,1,1,2
633,83.77,2,15/01/2024,1,1,1,1,3,5
634,99.7,3,18/03/2024,2,2,2,1,1,3
635,79.91,3,20/03/2024,2,2,1,1,3,5
636,66.47,10,15/01/2024,2,2,1,1,3,1
637,28.95,7,03/03/2024,1,1,2,1,3,1
638,46.2,1,19/03/2024,3,3,2,2,2,2
639,17.63,5,08/03/2024,2,2,1,2,2,5
640,52.42,3,27/02/2024,2,2,2,1,1,6
641,98.79,3,23/02/2024,2,2,1,2,1,5
642,88.55,8,19/03/2024,3,3,1,2,1,2
643,55.67,2,27/03/2024,2,2,1,1,1,2
644,72.52,8,30/03/2024,3,3,1,2,3,5
645,12.05,5,16/02/2024,3,3,1,1,1,2
646,19.36,9,18/01/2024,1,1,1,1,1,3
647,70.21,6,30/03/2024,3,3,2,1,2,1
648,33.63,1,20/03/2024,2,2,1,1,2,6
649,15.49,2,16/01/2024,3,3,1,2,2,4
650,24.74,10,24/02/2024,3,3,2,1,2,2
651,75.66,5,15/01/2024,2,2,2,1,1,2
652,55.81,6,22/01/2024,2,2,2,2,2,1
653,72.78,10,03/02/2024,1,1,1,1,2,3
654,37.32,9,06/03/2024,2,2,1,1,1,4
655,60.18,4,16/02/2024,2,2,1,1,3,6
656,15.69,3,14/03/2024,1,1,2,2,3,2
657,99.69,1,27/02/2024,3,3,2,2,3,2
658,88.15,3,18/01/2024,1,1,1,2,1,6
659,27.93,5,29/01/2024,1,1,1,2,2,4
660,55.45,1,26/02/2024,1,1,1,1,3,6
661,42.97,3,03/02/2024,2,2,2,2,2,4
662,17.14,7,16/01/2024,3,3,1,1,3,4
663,58.75,6,24/03/2024,2,2,1,2,3,6
664,87.1,10,12/02/2024,3,3,1,2,3,5
665,98.8,2,21/02/2024,3,3,2,2,2,4
666,48.63,4,04/02/2024,1,1,2,2,1,6
667,57.74,3,20/02/2024,2,2,1,1,1,5
668,17.97,4,23/02/2024,2,2,2,2,1,1
669,47.71,6,16/02/2024,3,3,1,2,1,1
670,40.62,2,17/01/2024,2,2,2,2,3,4
671,56.04,10,14/01/2024,1,1,1,1,1,6
672,93.4,2,30/03/2024,2,2,1,1,2,5
673,73.41,3,02/03/2024,2,2,2,2,1,1
674,33.64,8,15/02/2024,3,3,2,1,3,1
675,45.48,10,01/03/2024,1,1,2,2,3,2
676,83.77,2,24/02/2024,2,2,1,1,2,6
677,64.08,7,19/02/2024,2,2,1,2,3,4
678,73.47,4,23/02/2024,1,1,1,2,2,5
679,58.95,10,07/02/2024,3,3,2,1,1,1
680,48.5,6,11/01/2024,1,1,1,1,1,5
681,39.48,1,12/02/2024,2,2,1,2,2,2
682,34.81,1,14/01/2024,2,2,2,2,3,4
683,49.32,6,09/01/2024,3,3,2,2,1,6
684,21.48,2,27/02/2024,1,1,1,1,1,6
685,23.08,6,24/01/2024,2,2,1,2,1,4
686,49.1,2,08/01/2024,2,2,1,2,3,3
687,64.83,2,08/01/2024,2,2,1,2,3,4
688,63.56,10,16/01/2024,1,1,1,1,2,3
689,72.88,2,13/03/2024,3,3,1,1,2,4
690,67.1,3,15/02/2024,1,1,2,2,2,5
691,70.19,9,25/01/2024,3,3,1,2,2,4
692,55.04,7,12/03/2024,3,3,1,1,1,5
693,48.63,10,04/03/2024,1,1,1,1,2,1
694,73.38,7,10/02/2024,3,3,1,2,2,6
695,52.6,9,16/01/2024,3,3,2,2,2,5
696,87.37,5,29/01/2024,1,1,1,2,2,3
697,27.04,4,01/01/2024,1,1,1,2,1,4
698,62.19,4,06/01/2024,2,2,2,1,1,3
699,69.58,9,19/02/2024,1,1,1,1,3,2
700,97.5,10,12/01/2024,3,3,2,1,1,3
701,60.41,8,07/02/2024,3,3,2,2,1,6
702,32.32,3,27/03/2024,2,2,2,1,3,5
703,19.77,10,27/02/2024,2,2,1,2,3,6
704,80.47,9,06/01/2024,2,2,1,1,2,1
705,88.39,9,02/03/2024,2,2,1,2,2,3
706,71.77,7,29/03/2024,2,2,2,1,2,1
707,43,4,31/01/2024,2,2,2,2,1,2
708,68.98,1,21/01/2024,3,3,1,1,2,5
709,15.62,8,20/01/2024,3,3,2,1,1,6
710,25.7,3,17/01/2024,1,1,2,1,1,4
711,80.62,6,28/02/2024,1,1,1,1,2,5
712,75.53,4,19/03/2024,3,3,1,2,1,3
713,77.63,9,19/02/2024,3,3,2,2,1,2
714,13.85,9,04/02/2024,3,3,2,2,1,1
715,98.7,8,31/01/2024,3,3,1,1,1,6
716,35.68,5,06/02/2024,1,1,2,2,3,1
717,71.46,7,28/03/2024,1,1,1,2,1,6
718,11.94,3,19/01/2024,1,1,1,1,3,2
719,45.38,3,17/02/2024,1,1,2,1,3,6
720,17.48,6,18/01/2024,2,2,1,2,3,6
721,25.56,7,02/02/2024,2,2,2,2,2,6
722,90.63,9,18/01/2024,3,3,1,2,2,4
723,44.12,3,18/03/2024,2,2,2,1,3,3
724,36.77,7,11/01/2024,3,3,1,2,2,5
725,23.34,4,04/02/2024,2,2,1,1,1,5
726,28.5,8,06/02/2024,3,3,1,2,2,1
727,55.57,3,08/01/2024,3,3,1,1,3,3
728,69.74,10,05/03/2024,2,2,2,1,3,4
729,97.26,4,16/03/2024,3,3,2,1,1,6
730,52.18,7,09/03/2024,2,2,1,2,2,3
731,22.32,4,01/03/2024,1,1,1,2,3,6
732,56,3,28/02/2024,1,1,2,1,1,1
733,19.7,1,08/02/2024,1,1,1,1,1,6
734,75.88,7,24/01/2024,2,2,2,1,1,2
735,53.72,1,01/03/2024,2,2,1,1,1,5
736,81.95,10,10/03/2024,3,3,1,1,3,1
737,81.2,7,23/03/2024,3,3,1,2,3,3
738,58.76,10,29/01/2024,3,3,2,1,1,2
739,91.56,8,12/01/2024,2,2,1,1,1,2
740,93.96,9,20/03/2024,1,1,2,1,2,3
741,55.61,7,23/03/2024,3,3,2,1,2,3
742,84.83,1,14/01/2024,3,3,2,1,1,5
743,71.63,2,12/02/2024,1,1,1,2,1,4
744,37.69,2,20/02/2024,1,1,1,1,1,3
745,31.67,8,02/01/2024,3,3,1,2,3,4
746,38.42,1,02/02/2024,3,3,1,2,2,5
747,65.23,10,08/01/2024,2,2,1,1,3,6
748,10.53,5,30/01/2024,3,3,1,2,3,3
749,12.29,9,26/03/2024,2,2,1,2,3,3
750,81.23,7,15/01/2024,3,3,1,1,2,1
751,22.32,4,14/03/2024,2,2,1,2,1,6
752,27.28,5,03/02/2024,1,1,2,2,3,5
753,17.42,10,22/02/2024,1,1,1,2,1,2
754,73.28,5,24/01/2024,2,2,2,1,1,3
755,84.87,3,25/01/2024,3,3,1,2,1,6
756,97.29,8,09/03/2024,1,1,2,2,3,6
757,35.74,8,17/02/2024,2,2,1,2,1,2
758,96.52,6,11/01/2024,1,1,2,2,2,3
759,18.85,10,27/02/2024,1,1,1,1,1,5
760,55.39,4,25/03/2024,1,1,2,2,1,5
761,77.2,10,11/02/2024,2,2,1,2,3,5
762,72.13,10,31/01/2024,2,2,2,1,3,2
763,63.88,8,20/01/2024,1,1,1,2,1,6
764,10.69,5,26/03/2024,1,1,1,2,1,1
765,55.5,4,20/01/2024,1,1,1,1,3,1
766,95.46,8,05/03/2024,2,2,2,2,1,3
767,76.06,3,05/01/2024,3,3,2,2,3,6
768,13.69,6,13/02/2024,2,2,2,1,2,4
769,95.64,4,16/03/2024,2,2,2,2,2,2
770,11.43,6,15/01/2024,1,1,2,2,2,3
771,95.54,4,26/02/2024,2,2,1,2,1,4
772,85.87,7,27/02/2024,3,3,1,2,3,1
773,67.99,7,17/02/2024,3,3,1,2,1,4
774,52.42,1,06/02/2024,3,3,2,2,3,5
775,65.65,2,17/01/2024,3,3,1,1,2,5
776,28.86,5,22/01/2024,2,2,2,2,3,5
777,65.31,7,05/03/2024,3,3,1,1,3,1
778,93.38,1,03/01/2024,2,2,2,1,2,4
779,25.25,5,20/03/2024,3,3,1,1,2,4
780,87.87,9,31/01/2024,2,2,1,1,1,2
781,21.8,8,19/02/2024,3,3,2,1,2,1
782,94.76,4,11/02/2024,1,1,2,2,1,4
783,30.62,1,05/02/2024,1,1,1,2,3,6
784,44.01,8,03/03/2024,3,3,2,2,2,3
785,10.16,5,24/02/2024,3,3,1,2,1,1
786,74.58,7,04/02/2024,1,1,2,1,3,2
787,71.89,8,19/02/2024,3,3,2,1,1,2
788,10.99,5,23/01/2024,3,3,2,2,3,1
789,60.47,3,14/01/2024,3,3,1,1,3,1
790,58.91,7,17/01/2024,1,1,2,1,1,4
791,46.41,1,03/03/2024,1,1,2,1,3,6
792,68.55,4,15/02/2024,3,3,1,1,3,1
793,97.37,10,15/01/2024,2,2,2,2,3,3
794,92.6,7,27/02/2024,1,1,1,1,3,2
795,46.61,2,26/02/2024,1,1,2,2,3,2
796,27.18,2,15/03/2024,2,2,2,1,1,6
797,60.87,1,24/01/2024,3,3,1,2,2,3
798,24.49,10,22/02/2024,1,1,1,2,2,4
799,92.78,1,15/03/2024,2,2,2,1,3,1
800,86.69,5,11/02/2024,3,3,1,1,1,3
801,23.01,6,12/01/2024,2,2,2,1,1,4
802,30.2,8,03/03/2024,3,3,1,2,1,2
803,67.39,7,23/03/2024,3,3,1,1,1,6
804,48.96,9,04/03/2024,1,1,1,2,2,6
805,75.59,9,23/02/2024,2,2,1,2,2,2
806,77.47,4,17/03/2024,1,1,2,2,2,3
807,93.18,2,16/01/2024,1,1,2,2,3,4
808,50.23,4,08/01/2024,1,1,2,2,2,2
809,17.75,1,14/01/2024,2,2,2,2,2,1
810,62.18,10,31/01/2024,3,3,2,2,1,6
811,10.75,8,15/03/2024,2,2,2,1,1,1
812,40.26,10,24/02/2024,1,1,2,2,3,2
813,64.97,5,08/02/2024,3,3,1,2,3,4
814,95.15,1,22/03/2024,1,1,2,1,2,2
815,48.62,8,24/01/2024,1,1,1,2,2,2
816,53.21,8,14/03/2024,2,2,2,2,1,5
817,45.44,7,23/01/2024,3,3,2,2,2,6
818,33.88,8,19/01/2024,1,1,2,1,1,5
819,96.16,4,27/01/2024,2,2,1,1,3,1
820,47.16,5,03/02/2024,2,2,1,1,3,5
821,52.89,4,25/03/2024,2,2,2,1,1,2
822,47.68,2,24/02/2024,1,1,1,2,3,3
823,10.17,1,07/02/2024,3,3,1,1,2,4
824,68.71,3,04/03/2024,1,1,2,2,2,1
825,60.08,7,14/02/2024,2,2,1,2,3,4
826,22.01,4,29/01/2024,1,1,1,2,3,4
827,72.11,9,28/01/2024,2,2,1,2,3,1
828,41.28,3,26/03/2024,1,1,1,1,3,6
829,64.95,10,24/03/2024,3,3,2,1,2,2
830,74.22,10,01/01/2024,1,1,1,2,3,2
831,10.56,8,24/01/2024,1,1,2,1,2,2
832,62.57,4,25/02/2024,2,2,2,1,2,1
833,11.85,8,09/01/2024,2,2,1,2,2,4
834,91.3,1,14/02/2024,1,1,1,1,1,1
835,40.73,7,12/03/2024,2,2,1,2,1,3
836,52.38,1,26/03/2024,1,1,2,1,2,6
837,38.54,5,09/01/2024,1,1,1,1,1,6
838,44.63,6,02/01/2024,2,2,2,1,3,4
839,55.87,10,15/01/2024,3,3,2,1,2,2
840,29.22,6,01/01/2024,3,3,1,2,1,4
841,51.94,3,15/02/2024,1,1,2,1,2,6
842,60.3,1,28/02/2024,2,2,2,1,2,2
843,39.47,2,02/03/2024,1,1,1,2,3,4
844,14.87,2,13/02/2024,3,3,1,2,3,5
845,21.32,1,26/01/2024,1,1,2,1,2,6
846,93.78,3,30/01/2024,1,1,1,1,3,2
847,73.26,1,27/01/2024,1,1,1,1,1,2
848,22.38,1,30/01/2024,3,3,2,2,3,4
849,72.88,9,08/01/2024,3,3,1,2,2,5
850,99.1,6,19/01/2024,1,1,2,2,2,6
851,74.1,1,25/01/2024,1,1,2,1,2,6
852,98.48,2,19/02/2024,1,1,2,2,1,6
853,53.19,7,14/01/2024,3,3,2,1,1,1
854,52.79,10,25/02/2024,2,2,2,2,1,2
855,95.95,5,23/01/2024,1,1,1,2,1,1
856,36.51,9,16/02/2024,2,2,2,2,2,6
857,21.12,8,01/01/2024,2,2,2,1,2,5
858,28.31,4,07/03/2024,1,1,1,2,2,3
859,57.59,6,15/02/2024,2,2,2,1,2,1
860,47.63,9,23/01/2024,1,1,1,2,2,5
861,86.27,1,20/02/2024,3,3,1,2,1,3
862,12.76,2,08/01/2024,1,1,1,1,1,4
863,11.28,9,17/03/2024,2,2,2,2,3,3
864,51.07,7,12/01/2024,2,2,2,2,2,3
865,79.59,3,08/01/2024,1,1,1,2,2,2
866,33.81,3,26/01/2024,3,3,1,1,1,1
867,90.53,8,15/03/2024,2,2,1,1,3,4
868,62.82,2,17/01/2024,3,3,1,2,1,1
869,24.31,3,08/01/2024,3,3,1,1,3,5
870,64.59,4,06/01/2024,1,1,2,1,1,4
871,24.82,7,16/02/2024,1,1,1,1,3,5
872,56.5,1,13/03/2024,3,3,2,1,1,6
873,21.43,10,28/01/2024,2,2,1,2,2,2
874,89.06,6,18/01/2024,1,1,1,1,2,4
875,23.29,4,19/03/2024,1,1,1,1,3,3
876,65.26,8,15/03/2024,3,3,2,1,1,3
877,52.35,1,12/02/2024,3,3,1,1,2,6
878,39.75,1,25/02/2024,2,2,1,1,2,2
879,90.02,8,21/03/2024,1,1,2,2,3,2
880,12.1,8,19/01/2024,2,2,1,2,1,2
881,33.21,10,08/01/2024,2,2,1,2,1,5
882,10.18,8,30/03/2024,3,3,1,2,3,6
883,31.99,10,20/02/2024,2,2,1,1,3,4
884,34.42,6,30/03/2024,1,1,1,2,1,3
885,83.34,2,19/03/2024,1,1,1,2,2,5
886,45.58,7,13/01/2024,1,1,2,1,2,4
887,87.9,1,05/02/2024,1,1,1,1,1,5
888,73.47,10,23/03/2024,1,1,1,2,1,2
889,12.19,8,13/03/2024,3,3,2,2,1,6
890,76.92,10,17/03/2024,1,1,1,1,1,4
891,83.66,5,21/02/2024,3,3,2,2,2,1
892,57.91,8,07/02/2024,2,2,2,2,2,2
893,92.49,5,02/03/2024,3,3,1,2,3,6
894,28.38,5,06/03/2024,2,2,2,1,2,2
895,50.45,6,06/02/2024,2,2,1,1,3,2
896,99.16,8,28/01/2024,2,2,2,1,3,1
897,60.74,7,18/01/2024,3,3,2,1,1,6
898,47.27,6,05/02/2024,3,3,1,2,2,5
899,85.6,7,02/03/2024,3,3,1,1,2,1
900,35.04,9,09/02/2024,1,1,1,1,1,5
901,44.84,9,14/01/2024,3,3,1,2,3,2
902,45.97,4,09/02/2024,2,2,2,1,1,3
903,27.73,5,26/03/2024,1,1,1,2,3,1
904,11.53,7,28/01/2024,1,1,2,1,2,5
905,58.32,2,14/02/2024,3,3,2,2,1,1
906,78.38,4,24/03/2024,3,3,1,2,2,3
907,84.61,10,09/02/2024,3,3,2,1,3,1
908,82.88,5,24/03/2024,2,2,2,2,3,1
909,79.54,2,27/03/2024,1,1,1,2,1,5
910,49.01,10,27/01/2024,2,2,2,2,3,3
911,29.15,3,27/03/2024,2,2,1,2,3,5
912,56.13,4,19/01/2024,3,3,2,2,1,2
913,93.12,8,07/02/2024,1,1,2,2,2,3
914,51.34,8,31/01/2024,1,1,1,1,1,6
915,99.6,3,25/02/2024,1,1,1,2,2,5
916,35.49,6,02/02/2024,3,3,2,2,2,2
917,42.85,1,14/03/2024,3,3,1,1,3,4
918,94.67,4,11/03/2024,1,1,2,2,2,6
919,68.97,3,22/02/2024,2,2,2,1,1,3
920,26.26,3,02/03/2024,2,2,1,2,1,2
921,35.79,9,10/03/2024,3,3,1,2,3,3
922,16.37,6,08/02/2024,2,2,2,2,2,3
923,12.73,2,22/02/2024,3,3,1,2,3,3
924,83.14,7,10/01/2024,3,3,2,2,3,4
925,35.22,6,14/03/2024,3,3,1,2,1,4
926,13.78,4,10/01/2024,2,2,2,2,1,2
927,88.31,1,15/02/2024,2,2,1,1,3,4
928,39.62,9,13/01/2024,1,1,1,2,3,1
929,88.25,9,15/02/2024,2,2,2,2,3,2
930,25.31,2,02/03/2024,2,2,2,1,1,4
931,99.92,6,24/03/2024,2,2,2,1,1,3
932,83.35,2,02/02/2024,3,3,1,2,3,6
933,74.44,10,27/02/2024,1,1,2,2,1,5
934,64.08,7,20/01/2024,3,3,2,1,1,1
935,63.15,6,03/01/2024,2,2,2,2,1,3
936,85.72,3,24/01/2024,3,3,1,1,1,3
937,78.89,7,05/01/2024,3,3,2,2,1,1
938,89.48,5,30/03/2024,1,1,2,2,2,4
939,92.09,3,17/02/2024,1,1,1,2,2,1
940,57.29,6,21/03/2024,3,3,2,2,1,5
941,66.52,4,02/03/2024,1,1,2,1,1,5
942,99.82,9,27/03/2024,3,3,1,1,2,6
943,45.68,10,19/01/2024,1,1,2,2,1,3
944,50.79,5,19/02/2024,1,1,2,1,3,1
945,10.08,7,28/03/2024,1,1,1,1,2,1
946,93.88,7,05/01/2024,1,1,2,2,3,2
947,84.25,2,26/03/2024,3,3,1,1,3,2
948,53.78,1,03/02/2024,2,2,1,1,1,6
949,35.81,5,06/02/2024,3,3,1,1,1,3
950,26.43,8,24/02/2024,2,2,2,2,1,5
951,39.91,3,21/02/2024,2,2,1,1,1,1
952,21.9,3,09/01/2024,2,2,1,2,1,3
953,62.85,4,25/02/2024,2,2,1,2,1,5
954,21.04,4,13/01/2024,3,3,1,2,2,5
955,65.91,6,09/02/2024,2,2,1,1,2,3
956,42.57,7,06/01/2024,1,1,2,2,2,6
957,50.49,9,10/01/2024,3,3,1,1,2,5
958,46.02,6,07/02/2024,2,2,2,1,2,2
959,15.8,10,09/01/2024,3,3,2,2,2,3
960,98.66,9,19/02/2024,1,1,1,2,2,5
961,91.98,1,18/03/2024,3,3,1,1,2,6
962,20.89,2,05/02/2024,1,1,1,1,2,2
963,15.5,1,19/03/2024,1,1,2,2,3,6
964,96.82,3,30/03/2024,3,3,1,1,2,2
965,33.33,2,26/01/2024,2,2,2,1,3,5
966,38.27,2,02/03/2024,2,2,2,2,3,2
967,33.3,9,04/03/2024,1,1,2,2,1,3
968,81.01,3,13/01/2024,1,1,1,1,3,3
969,15.8,3,25/03/2024,1,1,2,2,2,1
970,34.49,5,11/03/2024,2,2,1,2,3,2
971,84.63,10,01/01/2024,2,2,1,2,3,5
972,36.91,7,10/02/2024,2,2,1,1,1,3
973,87.08,7,26/01/2024,2,2,2,1,2,2
974,80.08,3,11/02/2024,1,1,2,1,2,3
975,86.13,2,07/02/2024,3,3,2,1,2,6
976,49.92,2,06/03/2024,2,2,1,1,3,6
977,74.66,4,04/03/2024,1,1,2,2,2,5
978,26.6,6,26/02/2024,2,2,1,1,1,5
979,25.45,1,10/03/2024,2,2,2,2,3,2
980,67.77,1,04/02/2024,2,2,2,2,3,5
981,59.59,4,19/01/2024,3,3,1,1,2,5
982,58.15,4,23/01/2024,1,1,2,1,2,1
983,97.48,9,14/03/2024,1,1,1,2,1,4
984,99.96,7,23/01/2024,3,3,2,1,2,1
985,96.37,7,09/01/2024,3,3,2,1,2,2
986,63.71,5,07/02/2024,2,2,2,2,1,6
987,14.76,2,18/02/2024,2,2,2,2,1,1
988,62,8,03/01/2024,2,2,1,1,3,1
989,82.34,10,29/03/2024,3,3,1,1,1,2
990,75.37,8,28/01/2024,2,2,1,1,3,1
991,56.56,5,22/03/2024,1,1,2,2,3,5
992,76.6,10,24/01/2024,2,2,2,2,1,4
993,58.03,2,10/03/2024,1,1,2,1,1,2
994,17.49,10,22/02/2024,2,2,2,1,1,6
995,60.95,1,18/02/2024,3,3,1,2,1,2
996,40.35,1,29/01/2024,3,3,2,1,1,1
997,97.38,10,02/03/2024,2,2,2,2,1,3
998,31.84,1,09/02/2024,1,1,1,1,2,5
999,65.82,1,22/02/2024,1,1,2,1,2,3
1000,88.34,7,18/02/2024,1,1,1,2,2,6
